[{"id":6352992,"title":"Gallery 1","order":null,"templateKey":null,"customTemplate":false,"customTemplateFilename":null,"pageLinks":[],"dateCreated":"2024-09-29T10:41:18.087","dateUpdated":"2024-09-29T10:52:37.703Z","folderId":null,"pageName":"Gallery 1_6352992","sectionCount":4,"status":2},{"id":122257787,"title":"Blog Template","order":1,"templateKey":"blog","customTemplate":false,"customTemplateFilename":null,"pageLinks":[],"dateCreated":"2024-09-29T10:41:22.090Z","dateUpdated":"2024-09-29T10:41:23.052Z","folderId":null,"pageName":"Blog Template","sectionCount":1,"status":2},{"id":137622156,"title":"Post Template","order":2,"templateKey":"post","customTemplate":false,"customTemplateFilename":null,"pageLinks":[],"dateCreated":"2024-09-29T10:41:22.228Z","dateUpdated":"2024-09-29T10:41:23.056Z","folderId":null,"pageName":"Post Template","sectionCount":1,"status":2},{"id":726204089,"title":"Product List Template","order":3,"templateKey":"products","customTemplate":false,"customTemplateFilename":null,"pageLinks":[],"dateCreated":"2024-09-29T10:41:22.376Z","dateUpdated":"2024-09-29T10:41:23.057Z","folderId":null,"pageName":"Product List Template","sectionCount":1,"status":2},{"id":280684174,"title":"Product Details Template","order":4,"templateKey":"product","customTemplate":false,"customTemplateFilename":null,"pageLinks":[],"dateCreated":"2024-09-29T10:41:22.499Z","dateUpdated":"2024-09-29T10:41:23.057Z","folderId":null,"pageName":"Product Details Template","sectionCount":1,"status":2},{"id":1648305218,"title":"Shopping Cart Template","order":5,"templateKey":"cart","customTemplate":false,"customTemplateFilename":null,"pageLinks":[],"dateCreated":"2024-09-29T10:41:22.609Z","dateUpdated":"2024-09-29T10:41:23.058Z","folderId":null,"pageName":"Shopping Cart Template","sectionCount":1,"status":2},{"id":103318692,"title":"Login Template","order":7,"templateKey":"login","customTemplate":false,"customTemplateFilename":null,"pageLinks":[],"dateCreated":"2024-09-29T10:41:22.730Z","dateUpdated":"2024-09-29T10:41:23.058Z","folderId":null,"pageName":"Login Template","sectionCount":1,"status":2},{"id":185442093,"title":"Search Template","order":8,"templateKey":"Search","customTemplate":false,"customTemplateFilename":null,"pageLinks":["6","5","4"],"dateCreated":"2024-09-29T10:41:22.804Z","dateUpdated":"2024-09-29T10:41:23.058Z","folderId":null,"pageName":"Search Template","sectionCount":1,"status":2},{"id":1268025388,"title":"Password Template","order":9,"templateKey":"password","customTemplate":false,"customTemplateFilename":null,"pageLinks":[],"dateCreated":"2024-09-29T10:41:22.887Z","dateUpdated":"2024-09-29T10:41:23.058Z","folderId":null,"pageName":"Password Template","sectionCount":1,"status":2},{"id":196317579,"title":"404 Not Found Template","order":10,"templateKey":"404","customTemplate":false,"customTemplateFilename":null,"pageLinks":[],"dateCreated":"2024-09-29T10:41:22.944Z","dateUpdated":"2024-09-29T10:41:23.059Z","folderId":null,"pageName":"404 Not Found Template","sectionCount":1,"status":2},{"id":17568105,"title":"Thank You Template","order":11,"templateKey":"ThankYou","customTemplate":false,"customTemplateFilename":null,"pageLinks":[],"dateCreated":"2024-09-29T10:41:22.994Z","dateUpdated":"2024-09-29T10:41:23.059Z","folderId":null,"pageName":"Thank You Template","sectionCount":1,"status":2}]